<?xml version="1.0" encoding="UTF-8"?>
<!DOCTYPE log4j:configuration SYSTEM "log4j.dtd">

<log4j:configuration xmlns:log4j='http://jakarta.apache.org/log4j/'>

	<appender name="FILE_ERROR" class="org.apache.log4j.RollingFileAppender">
		<param name="File" value="E:/apps/mqsi/logs/IIBError/IIBApplicationErrorLogs.Log" />
		<param name="Threshold" value="DEBUG" />
		<param name="MaxFileSize" value="2MB" />
		<param name="MaxBackupIndex" value="25" />
		<layout class="org.apache.log4j.PatternLayout">
			<param name="ConversionPattern" value="%d{yyyy-MM-dd HH:mm:ss.SSS} %-5p [%-10t] %m%n" />
		</layout>
	</appender>

	<appender name="FILE_REALTIME" class="org.apache.log4j.RollingFileAppender">
		<param name="File" value="E:/apps/mqsi/logs/IIBRealtimeAudit/RealtimeAuditLogs.Log" />
		<param name="Threshold" value="DEBUG" />
		<param name="MaxFileSize" value="2MB" />
		<param name="MaxBackupIndex" value="10" />
		<layout class="org.apache.log4j.PatternLayout">
			<param name="ConversionPattern" value="%d{yyyy-MM-dd HH:mm:ss.SSS} %-5p [%-10t] %m%n" />
		</layout>
	</appender>

	<appender name="FILE_REALTIME_ACCTLOAD" class="org.apache.log4j.RollingFileAppender">
		<param name="File" value="E:/apps/mqsi/logs/IIBRealtimeAuditAccountLoad/RealtimeAuditAcctLoad.Log" />
		<param name="Threshold" value="DEBUG" />
		<param name="MaxFileSize" value="2MB" />
		<param name="MaxBackupIndex" value="10" />
		<layout class="org.apache.log4j.PatternLayout">
			<param name="ConversionPattern" value="%d{yyyy-MM-dd HH:mm:ss.SSS} %-5p [%-10t] %m%n" />
		</layout>
	</appender>

	<appender name="FILE_BATCHAUDIT" class="org.apache.log4j.RollingFileAppender">
		<param name="File" value="E:/apps/mqsi/logs/IIBBatchAudit/BatchAuditLogs.log" />
		<param name="Threshold" value="DEBUG" />
		<param name="MaxFileSize" value="2MB" />
		<param name="MaxBackupIndex" value="10" />
		<layout class="org.apache.log4j.PatternLayout">
			<param name="ConversionPattern" value="%d{yyyy-MM-dd HH:mm:ss.SSS} %-5p [%-10t] %m%n" />
		</layout>
	</appender>


	<logger name="realtimeLog4j">
		<level value="DEBUG" />
		<appender-ref ref="FILE_REALTIME" />
	</logger>

	<logger name="realtimeAcctLoadLog4j">
		<level value="DEBUG" />
		<appender-ref ref="FILE_REALTIME_ACCTLOAD" />
	</logger>

	<logger name="batchAuditLogger">
		<level value="DEBUG" />
		<appender-ref ref="FILE_BATCHAUDIT" />
	</logger>

	<logger name="errorLog4j">
		<level value="DEBUG" />
		<appender-ref ref="FILE_ERROR" />
	</logger>

</log4j:configuration>
