<sendEmail>
	<emailNotification>
		<integrationNodeName>DEMOIIBDEV01</integrationNodeName>
		<applicationName>test</applicationName>
		<flowName>test</flowName>
		<timeStamp>2018-07-25T11:17:36.762442-04:00</timeStamp>
		<emailDetails>
			<from>developer@demo-us.com</from>
			<to>support@demo-us.com</to>
			<subject>ERROR</subject>
			<exceptionStackTrace>&lt;Root&gt;&lt;RecoverableException&gt;&lt;File&gt;F:\build\S1000_slot1\S1000_P\src\DataFlowEngine\TemplateNodes\ImbOutputTemplateNode.cpp&lt;/File&gt;&lt;Line&gt;303&lt;/Line&gt;&lt;Function&gt;ImbOutputTemplateNode::processMessageAssemblyToFailure&lt;/Function&gt;&lt;Type&gt;ComIbmMQOutputNode&lt;/Type&gt;&lt;Name&gt;test#FCMComposite_1_1&lt;/Name&gt;&lt;Label&gt;test.MQ Output&lt;/Label&gt;&lt;Catalog&gt;BIPmsgs&lt;/Catalog&gt;&lt;Severity&gt;3&lt;/Severity&gt;&lt;Number&gt;2230&lt;/Number&gt;&lt;Text&gt;Caught exception and rethrowing&lt;/Text&gt;&lt;Insert&gt;&lt;Type&gt;14&lt;/Type&gt;&lt;Text&gt;test.MQ
				Output&lt;/Text&gt;&lt;/Insert&gt;&lt;MessageException&gt;&lt;File&gt;F:\build\S1000_slot1\S1000_P\src\DataFlowEngine\Connectors\mqconnector\MQOutputInteraction.cpp&lt;/File&gt;&lt;Line&gt;967&lt;/Line&gt;&lt;Function&gt;MQOutputInteraction::putToQueue&lt;/Function&gt;&lt;Type&gt;&lt;/Type&gt;&lt;Name&gt;&lt;/Name&gt;&lt;Label&gt;&lt;/Label&gt;&lt;Catalog&gt;BIPmsgs&lt;/Catalog&gt;&lt;Severity&gt;3&lt;/Severity&gt;&lt;Number&gt;2667&lt;/Number&gt;&lt;Text&gt;Failed to put
				message&lt;/Text&gt;&lt;Insert&gt;&lt;Type&gt;2&lt;/Type&gt;&lt;Text&gt;-1&lt;/Text&gt;&lt;/Insert&gt;&lt;Insert&gt;&lt;Type&gt;5&lt;/Type&gt;&lt;Text&gt;MQW102&lt;/Text&gt;&lt;/Insert&gt;&lt;Insert&gt;&lt;Type&gt;2&lt;/Type&gt;&lt;Text&gt;2031&lt;/Text&gt;&lt;/Insert&gt;&lt;Insert&gt;&lt;Type&gt;5&lt;/Type&gt;&lt;Text&gt;&lt;/Text&gt;&lt;/Insert&gt;&lt;Insert&gt;&lt;Type&gt;5&lt;/Type&gt;&lt;Text&gt;DEMOIIBDEV01&lt;/Text&gt;&lt;/Insert&gt;&lt;Insert&gt;&lt;Type&gt;5&lt;/Type&gt;&lt;Text&gt;OUT&lt;/Text&gt;&lt;/Insert&gt;&lt;Insert&gt;&lt;Type&gt;5&lt;/Type&gt;&lt;Text&gt;test.MQ Output&lt;/Text&gt;&lt;/Insert&gt;&lt;/MessageException&gt;&lt;/RecoverableException&gt;&lt;/Root&gt;</exceptionStackTrace>
			<msgContentType>text/plain</msgContentType>
		</emailDetails>
	</emailNotification>
</sendEmail>