<?xml version="1.0" encoding="UTF-8"?>
<!DOCTYPE log4j:configuration SYSTEM "log4j.dtd">

<log4j:configuration xmlns:log4j='http://jakarta.apache.org/log4j/'>

	<appender name="FILE_REALTIME" class="org.apache.log4j.FileAppender">
		<param name="Threshold" value="DEBUG" />
		<param name="File" value="E:/apps/iib/logs4j/RealtimeApplications.Log" />
		<layout class="org.apache.log4j.PatternLayout">
			<param name="ConversionPattern" value="%d{yyyy-MM-dd HH:mm:ss.SSS} %-5p [%-10t] %m%n" />
		</layout>
	</appender>

	<logger name="realtimeLog4j">
		<level value="DEBUG" />
		<appender-ref ref="FILE_REALTIME" />
	</logger>


</log4j:configuration>
